<?xml version="1.0" encoding="UTF-8"?>
<root>
  <item name="com.mapbox.mapboxsdk.location.LocationAnimatorCoordinator void cancelAnimator(int) 0">
    <annotation name="androidx.annotation.IntDef">
      <val name="value" val="{com.mapbox.mapboxsdk.location.MapboxAnimator.ANIMATOR_LAYER_LATLNG, com.mapbox.mapboxsdk.location.MapboxAnimator.ANIMATOR_CAMERA_LATLNG, com.mapbox.mapboxsdk.location.MapboxAnimator.ANIMATOR_LAYER_GPS_BEARING, com.mapbox.mapboxsdk.location.MapboxAnimator.ANIMATOR_LAYER_COMPASS_BEARING, com.mapbox.mapboxsdk.location.MapboxAnimator.ANIMATOR_CAMERA_GPS_BEARING, com.mapbox.mapboxsdk.location.MapboxAnimator.ANIMATOR_CAMERA_COMPASS_BEARING, com.mapbox.mapboxsdk.location.MapboxAnimator.ANIMATOR_LAYER_ACCURACY, com.mapbox.mapboxsdk.location.MapboxAnimator.ANIMATOR_ZOOM, com.mapbox.mapboxsdk.location.MapboxAnimator.ANIMATOR_TILT}" />
    </annotation>
  </item>
  <item name="com.mapbox.mapboxsdk.location.LocationAnimatorCoordinator void createNewAnimator(int, com.mapbox.mapboxsdk.location.MapboxAnimator) 0">
    <annotation name="androidx.annotation.IntDef">
      <val name="value" val="{com.mapbox.mapboxsdk.location.MapboxAnimator.ANIMATOR_LAYER_LATLNG, com.mapbox.mapboxsdk.location.MapboxAnimator.ANIMATOR_CAMERA_LATLNG, com.mapbox.mapboxsdk.location.MapboxAnimator.ANIMATOR_LAYER_GPS_BEARING, com.mapbox.mapboxsdk.location.MapboxAnimator.ANIMATOR_LAYER_COMPASS_BEARING, com.mapbox.mapboxsdk.location.MapboxAnimator.ANIMATOR_CAMERA_GPS_BEARING, com.mapbox.mapboxsdk.location.MapboxAnimator.ANIMATOR_CAMERA_COMPASS_BEARING, com.mapbox.mapboxsdk.location.MapboxAnimator.ANIMATOR_LAYER_ACCURACY, com.mapbox.mapboxsdk.location.MapboxAnimator.ANIMATOR_ZOOM, com.mapbox.mapboxsdk.location.MapboxAnimator.ANIMATOR_TILT}" />
    </annotation>
  </item>
  <item name="com.mapbox.mapboxsdk.location.LocationCameraController cameraMode">
    <annotation name="androidx.annotation.IntDef">
      <val name="value" val="{com.mapbox.mapboxsdk.location.modes.CameraMode.NONE, com.mapbox.mapboxsdk.location.modes.CameraMode.NONE_COMPASS, com.mapbox.mapboxsdk.location.modes.CameraMode.NONE_GPS, com.mapbox.mapboxsdk.location.modes.CameraMode.TRACKING, com.mapbox.mapboxsdk.location.modes.CameraMode.TRACKING_COMPASS, com.mapbox.mapboxsdk.location.modes.CameraMode.TRACKING_GPS, com.mapbox.mapboxsdk.location.modes.CameraMode.TRACKING_GPS_NORTH}" />
    </annotation>
  </item>
  <item name="com.mapbox.mapboxsdk.location.LocationCameraController void setCameraMode(int) 0">
    <annotation name="androidx.annotation.IntDef">
      <val name="value" val="{com.mapbox.mapboxsdk.location.modes.CameraMode.NONE, com.mapbox.mapboxsdk.location.modes.CameraMode.NONE_COMPASS, com.mapbox.mapboxsdk.location.modes.CameraMode.NONE_GPS, com.mapbox.mapboxsdk.location.modes.CameraMode.TRACKING, com.mapbox.mapboxsdk.location.modes.CameraMode.TRACKING_COMPASS, com.mapbox.mapboxsdk.location.modes.CameraMode.TRACKING_GPS, com.mapbox.mapboxsdk.location.modes.CameraMode.TRACKING_GPS_NORTH}" />
    </annotation>
  </item>
  <item name="com.mapbox.mapboxsdk.location.LocationComponent int getCameraMode()">
    <annotation name="androidx.annotation.IntDef">
      <val name="value" val="{com.mapbox.mapboxsdk.location.modes.CameraMode.NONE, com.mapbox.mapboxsdk.location.modes.CameraMode.NONE_COMPASS, com.mapbox.mapboxsdk.location.modes.CameraMode.NONE_GPS, com.mapbox.mapboxsdk.location.modes.CameraMode.TRACKING, com.mapbox.mapboxsdk.location.modes.CameraMode.TRACKING_COMPASS, com.mapbox.mapboxsdk.location.modes.CameraMode.TRACKING_GPS, com.mapbox.mapboxsdk.location.modes.CameraMode.TRACKING_GPS_NORTH}" />
    </annotation>
  </item>
  <item name="com.mapbox.mapboxsdk.location.LocationComponent int getRenderMode()">
    <annotation name="androidx.annotation.IntDef">
      <val name="value" val="{com.mapbox.mapboxsdk.location.modes.RenderMode.COMPASS, com.mapbox.mapboxsdk.location.modes.RenderMode.GPS, com.mapbox.mapboxsdk.location.modes.RenderMode.NORMAL}" />
    </annotation>
  </item>
  <item name="com.mapbox.mapboxsdk.location.LocationComponent void setCameraMode(int) 0">
    <annotation name="androidx.annotation.IntDef">
      <val name="value" val="{com.mapbox.mapboxsdk.location.modes.CameraMode.NONE, com.mapbox.mapboxsdk.location.modes.CameraMode.NONE_COMPASS, com.mapbox.mapboxsdk.location.modes.CameraMode.NONE_GPS, com.mapbox.mapboxsdk.location.modes.CameraMode.TRACKING, com.mapbox.mapboxsdk.location.modes.CameraMode.TRACKING_COMPASS, com.mapbox.mapboxsdk.location.modes.CameraMode.TRACKING_GPS, com.mapbox.mapboxsdk.location.modes.CameraMode.TRACKING_GPS_NORTH}" />
    </annotation>
  </item>
  <item name="com.mapbox.mapboxsdk.location.LocationComponent void setRenderMode(int) 0">
    <annotation name="androidx.annotation.IntDef">
      <val name="value" val="{com.mapbox.mapboxsdk.location.modes.RenderMode.COMPASS, com.mapbox.mapboxsdk.location.modes.RenderMode.GPS, com.mapbox.mapboxsdk.location.modes.RenderMode.NORMAL}" />
    </annotation>
  </item>
  <item name="com.mapbox.mapboxsdk.location.LocationLayerController renderMode">
    <annotation name="androidx.annotation.IntDef">
      <val name="value" val="{com.mapbox.mapboxsdk.location.modes.RenderMode.COMPASS, com.mapbox.mapboxsdk.location.modes.RenderMode.GPS, com.mapbox.mapboxsdk.location.modes.RenderMode.NORMAL}" />
    </annotation>
  </item>
  <item name="com.mapbox.mapboxsdk.location.LocationLayerController void setRenderMode(int) 0">
    <annotation name="androidx.annotation.IntDef">
      <val name="value" val="{com.mapbox.mapboxsdk.location.modes.RenderMode.COMPASS, com.mapbox.mapboxsdk.location.modes.RenderMode.GPS, com.mapbox.mapboxsdk.location.modes.RenderMode.NORMAL}" />
    </annotation>
  </item>
  <item name="com.mapbox.mapboxsdk.location.MapboxAnimator int getAnimatorType()">
    <annotation name="androidx.annotation.IntDef">
      <val name="value" val="{com.mapbox.mapboxsdk.location.MapboxAnimator.ANIMATOR_LAYER_LATLNG, com.mapbox.mapboxsdk.location.MapboxAnimator.ANIMATOR_CAMERA_LATLNG, com.mapbox.mapboxsdk.location.MapboxAnimator.ANIMATOR_LAYER_GPS_BEARING, com.mapbox.mapboxsdk.location.MapboxAnimator.ANIMATOR_LAYER_COMPASS_BEARING, com.mapbox.mapboxsdk.location.MapboxAnimator.ANIMATOR_CAMERA_GPS_BEARING, com.mapbox.mapboxsdk.location.MapboxAnimator.ANIMATOR_CAMERA_COMPASS_BEARING, com.mapbox.mapboxsdk.location.MapboxAnimator.ANIMATOR_LAYER_ACCURACY, com.mapbox.mapboxsdk.location.MapboxAnimator.ANIMATOR_ZOOM, com.mapbox.mapboxsdk.location.MapboxAnimator.ANIMATOR_TILT}" />
    </annotation>
  </item>
  <item name="com.mapbox.mapboxsdk.location.MapboxAnimator int provideAnimatorType()">
    <annotation name="androidx.annotation.IntDef">
      <val name="value" val="{com.mapbox.mapboxsdk.location.MapboxAnimator.ANIMATOR_LAYER_LATLNG, com.mapbox.mapboxsdk.location.MapboxAnimator.ANIMATOR_CAMERA_LATLNG, com.mapbox.mapboxsdk.location.MapboxAnimator.ANIMATOR_LAYER_GPS_BEARING, com.mapbox.mapboxsdk.location.MapboxAnimator.ANIMATOR_LAYER_COMPASS_BEARING, com.mapbox.mapboxsdk.location.MapboxAnimator.ANIMATOR_CAMERA_GPS_BEARING, com.mapbox.mapboxsdk.location.MapboxAnimator.ANIMATOR_CAMERA_COMPASS_BEARING, com.mapbox.mapboxsdk.location.MapboxAnimator.ANIMATOR_LAYER_ACCURACY, com.mapbox.mapboxsdk.location.MapboxAnimator.ANIMATOR_ZOOM, com.mapbox.mapboxsdk.location.MapboxAnimator.ANIMATOR_TILT}" />
    </annotation>
  </item>
  <item name="com.mapbox.mapboxsdk.location.OnCameraTrackingChangedListener void onCameraTrackingChanged(int) 0">
    <annotation name="androidx.annotation.IntDef">
      <val name="value" val="{com.mapbox.mapboxsdk.location.modes.CameraMode.NONE, com.mapbox.mapboxsdk.location.modes.CameraMode.NONE_COMPASS, com.mapbox.mapboxsdk.location.modes.CameraMode.NONE_GPS, com.mapbox.mapboxsdk.location.modes.CameraMode.TRACKING, com.mapbox.mapboxsdk.location.modes.CameraMode.TRACKING_COMPASS, com.mapbox.mapboxsdk.location.modes.CameraMode.TRACKING_GPS, com.mapbox.mapboxsdk.location.modes.CameraMode.TRACKING_GPS_NORTH}" />
    </annotation>
  </item>
</root>

