<?xml version="1.0" encoding="UTF-8"?>
<root>
  <item name="com.mapbox.mapboxsdk.maps.CameraChangeDispatcher.CameraChangeHandler void scheduleMessage(int) 0">
    <annotation name="androidx.annotation.IntDef">
      <val name="value" val="{com.mapbox.mapboxsdk.maps.CameraChangeDispatcher.MOVE_STARTED, com.mapbox.mapboxsdk.maps.CameraChangeDispatcher.MOVE, com.mapbox.mapboxsdk.maps.CameraChangeDispatcher.MOVE_CANCELED, com.mapbox.mapboxsdk.maps.CameraChangeDispatcher.IDLE}" />
    </annotation>
  </item>
  <item name="com.mapbox.mapboxsdk.maps.MapView.MapCallback void onMapChanged(int) 0">
    <annotation name="androidx.annotation.IntDef">
      <val name="value" val="{com.mapbox.mapboxsdk.maps.MapView.REGION_WILL_CHANGE, com.mapbox.mapboxsdk.maps.MapView.REGION_WILL_CHANGE_ANIMATED, com.mapbox.mapboxsdk.maps.MapView.REGION_IS_CHANGING, com.mapbox.mapboxsdk.maps.MapView.REGION_DID_CHANGE, com.mapbox.mapboxsdk.maps.MapView.REGION_DID_CHANGE_ANIMATED, com.mapbox.mapboxsdk.maps.MapView.WILL_START_LOADING_MAP, com.mapbox.mapboxsdk.maps.MapView.DID_FINISH_LOADING_MAP, com.mapbox.mapboxsdk.maps.MapView.DID_FAIL_LOADING_MAP, com.mapbox.mapboxsdk.maps.MapView.WILL_START_RENDERING_FRAME, com.mapbox.mapboxsdk.maps.MapView.DID_FINISH_RENDERING_FRAME, com.mapbox.mapboxsdk.maps.MapView.DID_FINISH_RENDERING_FRAME_FULLY_RENDERED, com.mapbox.mapboxsdk.maps.MapView.WILL_START_RENDERING_MAP, com.mapbox.mapboxsdk.maps.MapView.DID_FINISH_RENDERING_MAP, com.mapbox.mapboxsdk.maps.MapView.DID_FINISH_RENDERING_MAP_FULLY_RENDERED, com.mapbox.mapboxsdk.maps.MapView.DID_FINISH_LOADING_STYLE, com.mapbox.mapboxsdk.maps.MapView.SOURCE_DID_CHANGE}" />
    </annotation>
  </item>
  <item name="com.mapbox.mapboxsdk.maps.MapView.MapChange">
    <annotation name="androidx.annotation.IntDef">
      <val name="value" val="{com.mapbox.mapboxsdk.maps.MapView.REGION_WILL_CHANGE, com.mapbox.mapboxsdk.maps.MapView.REGION_WILL_CHANGE_ANIMATED, com.mapbox.mapboxsdk.maps.MapView.REGION_IS_CHANGING, com.mapbox.mapboxsdk.maps.MapView.REGION_DID_CHANGE, com.mapbox.mapboxsdk.maps.MapView.REGION_DID_CHANGE_ANIMATED, com.mapbox.mapboxsdk.maps.MapView.WILL_START_LOADING_MAP, com.mapbox.mapboxsdk.maps.MapView.DID_FINISH_LOADING_MAP, com.mapbox.mapboxsdk.maps.MapView.DID_FAIL_LOADING_MAP, com.mapbox.mapboxsdk.maps.MapView.WILL_START_RENDERING_FRAME, com.mapbox.mapboxsdk.maps.MapView.DID_FINISH_RENDERING_FRAME, com.mapbox.mapboxsdk.maps.MapView.DID_FINISH_RENDERING_FRAME_FULLY_RENDERED, com.mapbox.mapboxsdk.maps.MapView.WILL_START_RENDERING_MAP, com.mapbox.mapboxsdk.maps.MapView.DID_FINISH_RENDERING_MAP, com.mapbox.mapboxsdk.maps.MapView.DID_FINISH_RENDERING_MAP_FULLY_RENDERED, com.mapbox.mapboxsdk.maps.MapView.DID_FINISH_LOADING_STYLE, com.mapbox.mapboxsdk.maps.MapView.SOURCE_DID_CHANGE}" />
    </annotation>
  </item>
  <item name="com.mapbox.mapboxsdk.maps.MapView.OnMapChangedListener void onMapChanged(int) 0">
    <annotation name="androidx.annotation.IntDef">
      <val name="value" val="{com.mapbox.mapboxsdk.maps.MapView.REGION_WILL_CHANGE, com.mapbox.mapboxsdk.maps.MapView.REGION_WILL_CHANGE_ANIMATED, com.mapbox.mapboxsdk.maps.MapView.REGION_IS_CHANGING, com.mapbox.mapboxsdk.maps.MapView.REGION_DID_CHANGE, com.mapbox.mapboxsdk.maps.MapView.REGION_DID_CHANGE_ANIMATED, com.mapbox.mapboxsdk.maps.MapView.WILL_START_LOADING_MAP, com.mapbox.mapboxsdk.maps.MapView.DID_FINISH_LOADING_MAP, com.mapbox.mapboxsdk.maps.MapView.DID_FAIL_LOADING_MAP, com.mapbox.mapboxsdk.maps.MapView.WILL_START_RENDERING_FRAME, com.mapbox.mapboxsdk.maps.MapView.DID_FINISH_RENDERING_FRAME, com.mapbox.mapboxsdk.maps.MapView.DID_FINISH_RENDERING_FRAME_FULLY_RENDERED, com.mapbox.mapboxsdk.maps.MapView.WILL_START_RENDERING_MAP, com.mapbox.mapboxsdk.maps.MapView.DID_FINISH_RENDERING_MAP, com.mapbox.mapboxsdk.maps.MapView.DID_FINISH_RENDERING_MAP_FULLY_RENDERED, com.mapbox.mapboxsdk.maps.MapView.DID_FINISH_LOADING_STYLE, com.mapbox.mapboxsdk.maps.MapView.SOURCE_DID_CHANGE}" />
    </annotation>
  </item>
  <item name="com.mapbox.mapboxsdk.maps.MapboxMap void setStyle(java.lang.String) 0">
    <annotation name="androidx.annotation.StringDef">
      <val name="value" val="{com.mapbox.mapboxsdk.constants.Style.STREETS, com.mapbox.mapboxsdk.constants.Style.OUTDOORS, com.mapbox.mapboxsdk.constants.Style.LIGHT, com.mapbox.mapboxsdk.constants.Style.DARK, com.mapbox.mapboxsdk.constants.Style.SATELLITE, com.mapbox.mapboxsdk.constants.Style.SATELLITE_STREETS, com.mapbox.mapboxsdk.constants.Style.TRAFFIC_DAY, com.mapbox.mapboxsdk.constants.Style.TRAFFIC_NIGHT}" />
    </annotation>
  </item>
  <item name="com.mapbox.mapboxsdk.maps.MapboxMap void setStyle(java.lang.String, com.mapbox.mapboxsdk.maps.MapboxMap.OnStyleLoadedListener) 0">
    <annotation name="androidx.annotation.StringDef">
      <val name="value" val="{com.mapbox.mapboxsdk.constants.Style.STREETS, com.mapbox.mapboxsdk.constants.Style.OUTDOORS, com.mapbox.mapboxsdk.constants.Style.LIGHT, com.mapbox.mapboxsdk.constants.Style.DARK, com.mapbox.mapboxsdk.constants.Style.SATELLITE, com.mapbox.mapboxsdk.constants.Style.SATELLITE_STREETS, com.mapbox.mapboxsdk.constants.Style.TRAFFIC_DAY, com.mapbox.mapboxsdk.constants.Style.TRAFFIC_NIGHT}" />
    </annotation>
  </item>
  <item name="com.mapbox.mapboxsdk.maps.Transform void onMapChanged(int) 0">
    <annotation name="androidx.annotation.IntDef">
      <val name="value" val="{com.mapbox.mapboxsdk.maps.MapView.REGION_WILL_CHANGE, com.mapbox.mapboxsdk.maps.MapView.REGION_WILL_CHANGE_ANIMATED, com.mapbox.mapboxsdk.maps.MapView.REGION_IS_CHANGING, com.mapbox.mapboxsdk.maps.MapView.REGION_DID_CHANGE, com.mapbox.mapboxsdk.maps.MapView.REGION_DID_CHANGE_ANIMATED, com.mapbox.mapboxsdk.maps.MapView.WILL_START_LOADING_MAP, com.mapbox.mapboxsdk.maps.MapView.DID_FINISH_LOADING_MAP, com.mapbox.mapboxsdk.maps.MapView.DID_FAIL_LOADING_MAP, com.mapbox.mapboxsdk.maps.MapView.WILL_START_RENDERING_FRAME, com.mapbox.mapboxsdk.maps.MapView.DID_FINISH_RENDERING_FRAME, com.mapbox.mapboxsdk.maps.MapView.DID_FINISH_RENDERING_FRAME_FULLY_RENDERED, com.mapbox.mapboxsdk.maps.MapView.WILL_START_RENDERING_MAP, com.mapbox.mapboxsdk.maps.MapView.DID_FINISH_RENDERING_MAP, com.mapbox.mapboxsdk.maps.MapView.DID_FINISH_RENDERING_MAP_FULLY_RENDERED, com.mapbox.mapboxsdk.maps.MapView.DID_FINISH_LOADING_STYLE, com.mapbox.mapboxsdk.maps.MapView.SOURCE_DID_CHANGE}" />
    </annotation>
  </item>
</root>

