<?xml version="1.0" encoding="UTF-8"?>
<root>
  <item name="com.mapbox.mapboxsdk.annotations.ArrowDirection ArrowDirection(int) 0">
    <annotation name="androidx.annotation.IntDef">
      <val name="value" val="{com.mapbox.mapboxsdk.annotations.ArrowDirection.LEFT, com.mapbox.mapboxsdk.annotations.ArrowDirection.RIGHT, com.mapbox.mapboxsdk.annotations.ArrowDirection.TOP, com.mapbox.mapboxsdk.annotations.ArrowDirection.BOTTOM}" />
    </annotation>
  </item>
  <item name="com.mapbox.mapboxsdk.annotations.ArrowDirection int getValue()">
    <annotation name="androidx.annotation.IntDef">
      <val name="value" val="{com.mapbox.mapboxsdk.annotations.ArrowDirection.LEFT, com.mapbox.mapboxsdk.annotations.ArrowDirection.RIGHT, com.mapbox.mapboxsdk.annotations.ArrowDirection.TOP, com.mapbox.mapboxsdk.annotations.ArrowDirection.BOTTOM}" />
    </annotation>
  </item>
  <item name="com.mapbox.mapboxsdk.annotations.ArrowDirection value">
    <annotation name="androidx.annotation.IntDef">
      <val name="value" val="{com.mapbox.mapboxsdk.annotations.ArrowDirection.LEFT, com.mapbox.mapboxsdk.annotations.ArrowDirection.RIGHT, com.mapbox.mapboxsdk.annotations.ArrowDirection.TOP, com.mapbox.mapboxsdk.annotations.ArrowDirection.BOTTOM}" />
    </annotation>
  </item>
  <item name="com.mapbox.mapboxsdk.annotations.MarkerViewManager void onMapChanged(int) 0">
    <annotation name="androidx.annotation.IntDef">
      <val name="value" val="{com.mapbox.mapboxsdk.maps.MapView.REGION_WILL_CHANGE, com.mapbox.mapboxsdk.maps.MapView.REGION_WILL_CHANGE_ANIMATED, com.mapbox.mapboxsdk.maps.MapView.REGION_IS_CHANGING, com.mapbox.mapboxsdk.maps.MapView.REGION_DID_CHANGE, com.mapbox.mapboxsdk.maps.MapView.REGION_DID_CHANGE_ANIMATED, com.mapbox.mapboxsdk.maps.MapView.WILL_START_LOADING_MAP, com.mapbox.mapboxsdk.maps.MapView.DID_FINISH_LOADING_MAP, com.mapbox.mapboxsdk.maps.MapView.DID_FAIL_LOADING_MAP, com.mapbox.mapboxsdk.maps.MapView.WILL_START_RENDERING_FRAME, com.mapbox.mapboxsdk.maps.MapView.DID_FINISH_RENDERING_FRAME, com.mapbox.mapboxsdk.maps.MapView.DID_FINISH_RENDERING_FRAME_FULLY_RENDERED, com.mapbox.mapboxsdk.maps.MapView.WILL_START_RENDERING_MAP, com.mapbox.mapboxsdk.maps.MapView.DID_FINISH_RENDERING_MAP, com.mapbox.mapboxsdk.maps.MapView.DID_FINISH_RENDERING_MAP_FULLY_RENDERED, com.mapbox.mapboxsdk.maps.MapView.DID_FINISH_LOADING_STYLE, com.mapbox.mapboxsdk.maps.MapView.SOURCE_DID_CHANGE}" />
    </annotation>
  </item>
</root>

